Background,Volume,R_avg,a0,a2_R
T4,1.0,0.0,0.025330295910584444,0.0
S3xS1,19.739208802178716,6.0,0.5,0.5
